<?xml version="1.0" encoding="UTF-8" ?>
<module>
	<name>sabanovin</name>
	<displayName><![CDATA[سرویس پیام کوتاه صبانوین]]></displayName>
	<version><![CDATA[1.0.0]]></version>
	<description><![CDATA[اطلاع رسانی از طریق وب سرویس صبانوین]]></description>
	<author><![CDATA[sabanovin Dev Team]]></author>
	<tab><![CDATA[emailing]]></tab>
	<confirmUninstall><![CDATA[آیا مطمئن هستید که می خواهید حذف کنید؟]]></confirmUninstall>
	<is_configurable>1</is_configurable>
	<need_instance>0</need_instance>
	<limited_countries></limited_countries>
</module>